<project name="ufl-rocket-team" title="Swamp Launch Rocket Team" types="webpage">
    <page href="./index" title="Educational Outreach">
        <nav logoHref="./images/swamp-launch.png">
            <file src="./menu.csv" />
        </nav>
        <heading align="center" level="1">Learning Modules</heading>
        <inline-section>
            <tile href="./module1" imageSrc="./images/rocket-fin-1.png" title="Attaching Fins to a Rocket" />
            <tile href="./module2" imageSrc="./images/rocket-ship.png" title="Choosing the Parachute Size of a Rocket" />
            <tile href="" imageSrc="./images/space-ship-clouds.png" title="Coming Soon" />
        </inline-section>
        <footer>Copyright &copy; 2022 Swamp Launch Rocket Team</footer>
    </page>
    <page href="./module1" title="Module 1 - Educational Outreach">
        <nav logoHref="./images/swamp-launch.png">
            <file src="./menu.csv" />
        </nav>
        <wizard>
            <file src="./module1/1-Intro.md" />
            <file src="./module1/2-Why-Fins.md" />
            <inline-section>
                <header>In Summary...</header>
                <file src="./module1/3-Part1.md" />
                <file src="./module1/3-Part2.md" />
                <file src="./module1/3-Part3.md" />
                <footer>Let's dive a little deeper into these key points...</footer>
            </inline-section>
            <file src="./module1/4-Physics-of-Fins.docx" />
            <quiz>
                <header>Quiz: Rocket Fin Basics</header>
                <file src="./module1/quiz.csv" />
            </quiz>
            <file src="./module1/5-Post-Quiz.md" />
            <file src="./module1/6-Fin-Shapes.md" />
            <inline-section>
                <header>3 Common Shapes for Model Rocket Fins</header>
                <file src="./module1/7-Tab1.docx" />
                <file src="./module1/7-Tab2.docx" />
                <file src="./module1/7-Tab3.docx" />
            </inline-section>
            <file src="./module1/8-Fin-Materials.md" />
            <inline-section>
                <header>3 Common Materials for Model Rocket Fins</header>
                <file src="./module1/9-Tab1.docx" />
                <file src="./module1/9-Tab2.docx" />
                <file src="./module1/9-Tab3.docx" />
            </inline-section>
            <file src="./module1/10-Fin-Alignment.md" />
            <file src="./module1/11-Step1.docx" />
            <file src="./module1/11-Step2.docx" />
            <file src="./module1/11-Step3.docx" />
            <file src="./module1/11-Step4.docx" />
            <file src="./module1/11-Step5.docx" />
            <file src="./module1/12-Conclusion.md" />
        </wizard>
        <footer>Copyright &copy; 2022 Swamp Launch Rocket Team</footer>
    </page>
    <page href="./module2" title="Module 2 - Educational Outreach">
        <nav logoHref="./images/swamp-launch.png">
            <file src="./menu.csv" />
        </nav>
        <wizard>
            <file src="./module2/1-Intro.docx" />
            <file src="./module2/2-Why.docx" />
            <section>
                <header>Parachute Separation Phases</header>
                <file src="./images/Separation-Stages-Graph.png" />
            </section>
            <inline-section>
                <header>Real-Life Demonstrations By The UF Rocket Team On The Importance And Usage Of Parachutes</header>
                <youtube src="https://www.youtube.com/embed/uPwGQOxUkHE" />
                <youtube src="https://www.youtube.com/embed/DAZiUqIEBQo" />
            </inline-section>
            <file src="./module2/3-Factors.docx" />
            <file src="./module2/4-Types.docx" />
            <file src="./module2/5-Dual-Deploy.docx" />
            <file src="./module2/6-Size.docx" />
            <file src="./module2/7-Size-Equation.docx" />
            <file src="./module2/8-Deploy.docx" />
            <tab-section>
                <header>Parachute Size Animations</header>
                <file src="./videos/Small_Parachute_Trim.mp4" title="Small Parachute" />
                <file src="./videos/Large_Parachute_Trim.mp4" title="Large Parachute" />
                <file src="./videos/High_Wind_Speeds_Trim.mp4" title="High Wind Speed" />
                <file src="./videos/Low_Wind_Speed_Trim.mp4" title="Low Wind Speed" />
            </tab-section>
        </wizard>
        <footer>Copyright &copy; 2022 Swamp Launch Rocket Team</footer>
    </page>
</project>