title,href
Facebook,https://www.facebook.com/SwampLaunch/
Twitter,https://twitter.com/swamplaunch?lang=en
Instagram,https://www.instagram.com/swamplaunch/?hl=en
Home,https://ufl-rocket-team.org/
About,https://ufl-rocket-team.org/about/
Leads,https://ufl-rocket-team.org/leads/
Events,https://ufl-rocket-team.org/events/
Contact,https://ufl-rocket-team.org/contact-form-7-id82-titlecontact-form-1/
Educational Outreach,http://localhost:8080/
IREC Spaceport America Cup,https://ufl-rocket-team.org/irec-spaceport-america-cup/
NASA SL,https://ufl-rocket-team.org/nasa-sl/
