question,answer,answer1,answer2,answer3
Rocket fins are important because...,answer3,Without them the rocket won't weigh enough to lift off the ground.,They flap and make the rocket go farther.,They help keep the rocket stable during flight.
"True or False: Fins *increase* the distance between the center of gravity and the center of pressure, making the rocket more stable.",answer1,True,False,
Improperly aligned fins will...,answer2,Cause the rocket to fly its designed path with no problems.,"Lead to unexpected rotation of the rocket, causing it to veer off its path.",Prevent the rocket from turning on.
True or False: A rocket's center of pressure is the point where *half* of the aerodynamic forces act upon it.,answer2,True,False,
A rocket's center of gravity is directly relational to its _____.,answer1,Weight,Length,Speed
